sequence_sha256	sequence_length	source_ids	source_splits	labels	label_range	reason
54d0045dd302676c073cb3d07cdb84824e42c18f75a883f4ded8c643d64f7492	299	F8JPG4;Q70GK9	train	7.6;8.1	0.5	label_range_exceeds_threshold
06b72499888467135669613eab5db04d743d38bd399faa4939aac9c5f15c32ff	418	G2IKE5;Q5NTE5	train	7.5;8.5	1.0	label_range_exceeds_threshold
6a61c8c230ae128e178ff5bf066137123e6f8cfccc8cfa826d92972331a4b3bb	257	A5F5Y7;P0C6E0	train	7.5;7.83	0.33000000000000007	label_range_exceeds_threshold
46857a6f8138d8fa79db465af68efda2f69402490cfdfa8c00d68426ccab88b9	316	A0A4S2CHH9;Q74LX7	train	5;7.5	2.5	label_range_exceeds_threshold
d278a966bfdc9983ee6dd0a730e4106efda609f837f77a38f3b3038a04ab416f	466	A5YKJ2;P69910	train	3.8;4.63	0.8300000000000001	label_range_exceeds_threshold
ce1f3d587de57cc79eaf0f33d9e569d3e2480104200ef21b5879f3a7329d1a0c	396	D3H0F7;P00509	test;train	7.4;7.75	0.34999999999999964	label_range_exceeds_threshold
75b5cc61a95034f3e9eaadbb7a3d2134014443fba8bd9500953c8cc1e8f2df4d	323	Q8IJH3;Q8T6J6	train	7.2;7.47	0.2699999999999996	label_range_exceeds_threshold
6db26ce0657676df9c6ab64788a3cc745f1185a683894cc1986a6472a356c3f8	415	A5F5X0;Q9KPS2	test;train	7.5;7.83	0.33000000000000007	label_range_exceeds_threshold
7c3388a577fe60ea11c4f16a48c345a295fbdba41a8a8a525d9d97a8f1b4f68b	310	B8YPW8;P22643	train	8.2;9	0.8000000000000007	label_range_exceeds_threshold
2b68940c79461fc26b61c418b943379fcd5822d382ac66d03493781b5dcc2fb9	446	A5F5X1;Q9KPS1	train	7.5;7.83	0.33000000000000007	label_range_exceeds_threshold
f841d20eb248ca1e53558388c93099d205f18bed8ab6105ee058cd909c70dddd	259	Q72K29;Q84B23	test;train	6;6.3	0.2999999999999998	label_range_exceeds_threshold
9025eab55b95d266b32cce2945cb7096f4fbcf26286debc559a38524dd9b809d	335	A8DEZ8;Q17ZY4	train	6;8	2.0	label_range_exceeds_threshold
096f80a5e10841244661702ffa467c7d32d6e1d83fd7711993c8a289b391bd05	598	A5A699;Q1EM71	test;train	7.5;9	1.5	label_range_exceeds_threshold
adf5e0295512bc433d2f3ca852f25def7a3928b008b5838926cf0141ff051084	734	E0SDR9;Q9Z5P8	test;train	7.4;8.5	1.0999999999999996	label_range_exceeds_threshold
7f38adad4fd20535523a931d2cba1a534fed756567a33d5994fc7ea0b8992116	478	A1A3Y9;K7WTF8	train	6;7	1.0	label_range_exceeds_threshold
127fcb6693111d368b1a535ffbe6a41b44bcaacf02f40271d4143cfb3d70ed40	338	Q47QL8;Q56265	train	6;8	2.0	label_range_exceeds_threshold
656666527254c6137d45601b796f851494d8643f927d8194ac3eadfb37971e7b	293	Q2G160;Q6GK01	train	7.1;8	0.9000000000000004	label_range_exceeds_threshold
9d1278b38575c3f1a16a62725fe17a7ffef89237170c7d531862d63d7f4ab501	365	P0A433;P0A434	train	8;8.31	0.3100000000000005	label_range_exceeds_threshold
dad5ec109e35f8a4f1f1fc6728d8e2f32e9bfbd791e4d18c7832c7d66f67c57b	178	Q5SHW6;Q72I82	train	8;8.5	0.5	label_range_exceeds_threshold
5da87df037b52073f527dc628b8b4041d5c5bd79999c3ef15dc8247db9cc4a1f	269	A5U5Q2;P95001	validation	7;7.3	0.2999999999999998	label_range_exceeds_threshold
c9c4ef97b0e66cb20b51ba90e5889a0467f8155ef356c7a5a74914f06b91d468	286	P62593;Q6SJ61	test;train	7;7.5	0.5	label_range_exceeds_threshold
f05ffd9ce9332899db08a64688c4a84f2ff07c73e6df7505ce93f1edcd13d0a8	288	B7TXX4;P21161	train	6.5;7	0.5	label_range_exceeds_threshold
3b0232a1aa9db20ad5f5d1a90fa55081eec6e712532c9951a8f38dff6bb55c1b	210	A5F5Y6;Q9X4Q6	test;validation	7.5;7.83	0.33000000000000007	label_range_exceeds_threshold
331263acf634e349d5fb76d450fa2a714ba5054b03af6d67d04964e784425a89	408	A5F5Y4;Q9X4Q8	train	7.5;7.83	0.33000000000000007	label_range_exceeds_threshold
e41aa55ccb9c720f170fd5f7b3d37750b7d21e60964165f9dfa69c15c0d64d36	325	Q540D7;Q9JII6	test;validation	7;7.4	0.40000000000000036	label_range_exceeds_threshold
f559454f7a41afe33325e9b9b286e1ce0e6ab68769a6f78890138a3e9104d676	437	A0A075BSX9;A0A075XFI8	train	7;8	1.0	label_range_exceeds_threshold
e1a378351c5520f7030f357ffc8482f78d612bd1ed3c9fa967ba6db79b2b8c15	250	A3FJ64;P0CJ63;Q7B8C3;Q7B8C5	test;train	6.5;6.5;7.1;7.5	1.0	label_range_exceeds_threshold
631638870c4b0a19932a467d6d13721b37f565487ceba87ffe6bd1256e30af1a	505	I3ZR32;Q8G7J3	train	6.25;8	1.75	label_range_exceeds_threshold
41b3f917157819f9fa2497296afbcb7e74ac62c5aff4fa2cb17ae4ae6ef6fb8e	514	A0A024RXP8;G0RVK1	test;train	5.2;5.5	0.2999999999999998	label_range_exceeds_threshold
