sequence_sha256	source_ids	source_splits	ph_values	record_count	reason
e1a378351c5520f7030f357ffc8482f78d612bd1ed3c9fa967ba6db79b2b8c15	A3FJ64,P0CJ63,Q7B8C3,Q7B8C5	test,train	6.5,7.1,7.5	4	conflicting_ph_labels
656666527254c6137d45601b796f851494d8643f927d8194ac3eadfb37971e7b	Q2G160,Q6GK01	train	7.1,8	2	conflicting_ph_labels
ce1f3d587de57cc79eaf0f33d9e569d3e2480104200ef21b5879f3a7329d1a0c	D3H0F7,P00509	test,train	7.4,7.75	2	conflicting_ph_labels
c9c4ef97b0e66cb20b51ba90e5889a0467f8155ef356c7a5a74914f06b91d468	P62593,Q6SJ61	test,train	7,7.5	2	conflicting_ph_labels
18b2e1bd67944403199de773a28ab247325c484b0c3b6f8bf6678a615ec509b1	A0A0D3MA54,O74036	train	7.5,7.75	2	conflicting_ph_labels
4e6005cd8acd4ced5202e8aaab41002458f8b959791a86a80dc71ac5c78213f0	P63085,P63086	test,train	7.3,7.5	2	conflicting_ph_labels
46857a6f8138d8fa79db465af68efda2f69402490cfdfa8c00d68426ccab88b9	A0A4S2CHH9,Q74LX7	train	5,7.5	2	conflicting_ph_labels
54d0045dd302676c073cb3d07cdb84824e42c18f75a883f4ded8c643d64f7492	F8JPG4,Q70GK9	train	7.6,8.1	2	conflicting_ph_labels
c3dca3f18c242f3d69bb9f573b2dbfc38a141dc0ac426b9e649009e2f49ae0b5	A0A0H2XGF2,Q6GHH5	test,train	7.3,7.5	2	conflicting_ph_labels
0adba3b90352dd147621dcc521fbe000cc47ffb17c8b3c9d41aeef92d10084ab	A0A0E3GVY6,Q97VU2	train	6.9,7	2	conflicting_ph_labels
75b5cc61a95034f3e9eaadbb7a3d2134014443fba8bd9500953c8cc1e8f2df4d	Q8IJH3,Q8T6J6	train	7.2,7.47	2	conflicting_ph_labels
6db26ce0657676df9c6ab64788a3cc745f1185a683894cc1986a6472a356c3f8	A5F5X0,Q9KPS2	test,train	7.5,7.83	2	conflicting_ph_labels
06b72499888467135669613eab5db04d743d38bd399faa4939aac9c5f15c32ff	G2IKE5,Q5NTE5	train	7.5,8.5	2	conflicting_ph_labels
2b68940c79461fc26b61c418b943379fcd5822d382ac66d03493781b5dcc2fb9	A5F5X1,Q9KPS1	train	7.5,7.83	2	conflicting_ph_labels
f559454f7a41afe33325e9b9b286e1ce0e6ab68769a6f78890138a3e9104d676	A0A075BSX9,A0A075XFI8	train	7,8	2	conflicting_ph_labels
f841d20eb248ca1e53558388c93099d205f18bed8ab6105ee058cd909c70dddd	Q72K29,Q84B23	test,train	6,6.3	2	conflicting_ph_labels
331263acf634e349d5fb76d450fa2a714ba5054b03af6d67d04964e784425a89	A5F5Y4,Q9X4Q8	train	7.5,7.83	2	conflicting_ph_labels
dad5ec109e35f8a4f1f1fc6728d8e2f32e9bfbd791e4d18c7832c7d66f67c57b	Q5SHW6,Q72I82	train	8,8.5	2	conflicting_ph_labels
7c3388a577fe60ea11c4f16a48c345a295fbdba41a8a8a525d9d97a8f1b4f68b	B8YPW8,P22643	train	8.2,9	2	conflicting_ph_labels
adf5e0295512bc433d2f3ca852f25def7a3928b008b5838926cf0141ff051084	E0SDR9,Q9Z5P8	test,train	7.4,8.5	2	conflicting_ph_labels
096f80a5e10841244661702ffa467c7d32d6e1d83fd7711993c8a289b391bd05	A5A699,Q1EM71	test,train	7.5,9	2	conflicting_ph_labels
7f38adad4fd20535523a931d2cba1a534fed756567a33d5994fc7ea0b8992116	A1A3Y9,K7WTF8	train	6,7	2	conflicting_ph_labels
127fcb6693111d368b1a535ffbe6a41b44bcaacf02f40271d4143cfb3d70ed40	Q47QL8,Q56265	train	6,8	2	conflicting_ph_labels
6f8682b1f7d63628925c00e082df17391d1919b9e9b310550725c877165b9b25	B2CNY5,P36217	train	5.25,5.5	2	conflicting_ph_labels
41b3f917157819f9fa2497296afbcb7e74ac62c5aff4fa2cb17ae4ae6ef6fb8e	A0A024RXP8,G0RVK1	test,train	5.2,5.5	2	conflicting_ph_labels
a0d39a7ccece7e1d15bd11a581c2d139c6da50b300fcd27afabc8b0a257bad28	A0PCH8,A2QJF7,P56526	train	4.5,4.62,4.75	3	conflicting_ph_labels
9025eab55b95d266b32cce2945cb7096f4fbcf26286debc559a38524dd9b809d	A8DEZ8,Q17ZY4	train	6,8	2	conflicting_ph_labels
6a61c8c230ae128e178ff5bf066137123e6f8cfccc8cfa826d92972331a4b3bb	A5F5Y7,P0C6E0	train	7.5,7.83	2	conflicting_ph_labels
d278a966bfdc9983ee6dd0a730e4106efda609f837f77a38f3b3038a04ab416f	A5YKJ2,P69910	train	3.8,4.63	2	conflicting_ph_labels
f05ffd9ce9332899db08a64688c4a84f2ff07c73e6df7505ce93f1edcd13d0a8	B7TXX4,P21161	train	6.5,7	2	conflicting_ph_labels
e0f507ad63ac6ebb86700522d3b2aa2f1ca762136978d7120226761856e80e8c	L7RFF8,P0C565	train	7,7.25	2	conflicting_ph_labels
631638870c4b0a19932a467d6d13721b37f565487ceba87ffe6bd1256e30af1a	I3ZR32,Q8G7J3	train	6.25,8	2	conflicting_ph_labels
ca098d672d9e2c5130162a5826b429d627c80f54d9956be5e2dfabcfa83cec75	A5U8X0,P9WG49	train	7.8,8	2	conflicting_ph_labels
9d1278b38575c3f1a16a62725fe17a7ffef89237170c7d531862d63d7f4ab501	P0A433,P0A434	train	8,8.31	2	conflicting_ph_labels
e41aa55ccb9c720f170fd5f7b3d37750b7d21e60964165f9dfa69c15c0d64d36	Q540D7,Q9JII6	test,valid	7,7.4	2	conflicting_ph_labels
b673f5a6a46a3df0628a9becebc6151bc91364939c24d677136e917e3abaa3db	Q5SIJ1,Q72IW9	valid	7.8,8	2	conflicting_ph_labels
5da87df037b52073f527dc628b8b4041d5c5bd79999c3ef15dc8247db9cc4a1f	A5U5Q2,P95001	valid	7,7.3	2	conflicting_ph_labels
8b40811928ea16ba7629fa6becb642e3a6868044a095fcbbc322a974c036f560	A5U161,P9WMN3	valid	7.5,7.57	2	conflicting_ph_labels
3b0232a1aa9db20ad5f5d1a90fa55081eec6e712532c9951a8f38dff6bb55c1b	A5F5Y6,Q9X4Q6	test,valid	7.5,7.83	2	conflicting_ph_labels
a07c7cf5cfb5a91270f3f8584d2e1812352f8d4f6294f67bec2c3ff0a6f294b5	A0A140N932,P0A7E5	valid	7.77,8	2	conflicting_ph_labels
ce778c9b04094a8e09a222d4d4c7e1a77a4b76bee30f87724c3da22d19db5cc0	D5L1S4,Q10LH0	test	6.88,7	2	conflicting_ph_labels
